{
    "persona_0": {
        "V1": -3.149020376872165,
        "V2": 2.1757828518416056,
        "V3": -0.4950197998582515,
        "V4": -0.36869855945074187,
        "V5": -0.29606258000367447,
        "V6": 1.4828227909016545,
        "V7": -1.9831222545874503,
        "V8": -6.208417355378019,
        "V9": 0.5081858416281169,
        "V10": 0.5105224858612358,
        "V11": -0.14078305239161784,
        "V12": 0.5253367993209438,
        "V13": 0.006956213761718024,
        "V14": 0.18864480939418793,
        "V15": -0.12549092338138768,
        "V16": 0.06424541634866661,
        "V17": 0.478956633838525,
        "V18": 0.15858407615506753,
        "V19": 0.00858580885254631,
        "V20": -1.3908316788769137,
        "V21": 4.971300147849421,
        "V22": -1.6760819013410617,
        "V23": 0.44297371632656646,
        "V24": -0.06789849961782986,
        "V25": 0.12144853118693892,
        "V26": 0.049767712533950056,
        "V27": 0.2613549818066836,
        "V28": 0.007653099345996266,
        "Amount": 83.53081110506261
    },
    "persona_1": {
        "V1": 0.5594010224299875,
        "V2": -1.0414392696977177,
        "V3": 0.16670132794649933,
        "V4": -1.3878064298950343,
        "V5": -0.8312466286856869,
        "V6": -0.2817043493314333,
        "V7": -0.6377793385449083,
        "V8": -0.030981891726859872,
        "V9": -1.0684280053294817,
        "V10": 0.7977717403518443,
        "V11": -0.003313076959897941,
        "V12": -0.5166487305341548,
        "V13": 0.0457020337383105,
        "V14": -0.3682124060055175,
        "V15": -0.2563455120716366,
        "V16": 0.5247136040987816,
        "V17": 0.3143239784840558,
        "V18": -0.5435728791537127,
        "V19": 0.2798940195895633,
        "V20": 0.019208101635903217,
        "V21": 0.0804304521081916,
        "V22": 0.3003595282172475,
        "V23": -0.009365816770801642,
        "V24": -0.07729767020022245,
        "V25": 0.050291412583150855,
        "V26": -0.21198451095724571,
        "V27": 0.010461387956960196,
        "V28": -0.0003108021163902306,
        "Amount": 98.65248298698928
    },
    "persona_2": {
        "V1": 0.3073405717122073,
        "V2": 0.28409393217085926,
        "V3": 0.050583921509297455,
        "V4": 0.28159509976403696,
        "V5": 0.056133055998521184,
        "V6": -0.5753678334064636,
        "V7": 0.27459494620877867,
        "V8": -0.11963865958153823,
        "V9": 0.3384788591177414,
        "V10": -0.3284991846821684,
        "V11": -0.7676010970035568,
        "V12": 0.14847194389758359,
        "V13": 0.005657886322992489,
        "V14": -0.22475691488025804,
        "V15": 0.2902971985531089,
        "V16": 0.03222766865120503,
        "V17": -0.07321592814294915,
        "V18": -0.3063849719688647,
        "V19": -0.3083782021519547,
        "V20": -0.024313897695487783,
        "V21": -0.0472404219304865,
        "V22": -0.04721018802480392,
        "V23": 0.010489899435474414,
        "V24": 0.07560159059152002,
        "V25": 0.035529387161122285,
        "V26": 0.03621148800716179,
        "V27": 0.00012504650964828684,
        "V28": 0.0025038474475187695,
        "Amount": 54.008003701046114
    },
    "persona_3": {
        "V1": 0.26548627177196116,
        "V2": -0.8684590932705442,
        "V3": 0.14588569948460728,
        "V4": -0.6335405638997921,
        "V5": -0.6569746317884245,
        "V6": -0.14000767298957556,
        "V7": -0.28610427954589235,
        "V8": -0.033681846236021266,
        "V9": -0.6091787067240583,
        "V10": 0.45599101363436634,
        "V11": -0.2527953404922764,
        "V12": 0.21112524690419435,
        "V13": 0.14346658148944244,
        "V14": 0.013509605734739555,
        "V15": -0.01035064769851072,
        "V16": -1.5281000936825597,
        "V17": -0.06751322320509372,
        "V18": 1.2877265025539515,
        "V19": -0.7051270855265364,
        "V20": -0.31116439624030373,
        "V21": -0.26663558928103975,
        "V22": -0.37421227070940216,
        "V23": 0.04119508996482296,
        "V24": -0.06955651566248532,
        "V25": -0.03554981449171738,
        "V26": 0.18076525436095395,
        "V27": -0.009722438851032975,
        "V28": -0.00349581167392004,
        "Amount": 135.8011219932196
    },
    "persona_4": {
        "V1": -1.4392011031011276,
        "V2": 0.8978264907893476,
        "V3": 0.5438306780492456,
        "V4": 1.2645561386865207,
        "V5": 0.03692425491597682,
        "V6": 0.06878621867582287,
        "V7": 0.05660845568460645,
        "V8": 0.22275935303743694,
        "V9": -0.4071228455788782,
        "V10": 0.21495403593594453,
        "V11": -0.18233712520529718,
        "V12": 0.23915983280497358,
        "V13": -0.07924953789038562,
        "V14": 0.18124854511839603,
        "V15": 0.4562416765153518,
        "V16": -0.3987189324203228,
        "V17": 0.3885978425371136,
        "V18": 0.10123521337932158,
        "V19": 0.9077068402700571,
        "V20": 0.10055174348502659,
        "V21": 0.010204759283597454,
        "V22": 0.28661698860050305,
        "V23": -0.001298316311491089,
        "V24": -0.05204174368324171,
        "V25": -0.20261600936227847,
        "V26": -0.0525820612550653,
        "V27": -0.008509512523498552,
        "V28": 0.0005336252416255279,
        "Amount": 61.01404968563104
    },
    "persona_5": {
        "V1": 0.11178748934340707,
        "V2": -0.05007317419999133,
        "V3": -1.2495074503677455,
        "V4": -1.018738431206898,
        "V5": 2.1598296233770116,
        "V6": 3.520520956650098,
        "V7": -0.5221910255762142,
        "V8": 0.7515668621740854,
        "V9": -0.08526850306714638,
        "V10": -0.048539689922767505,
        "V11": -0.1941101095937436,
        "V12": -0.27012354665075367,
        "V13": 0.022524830034018145,
        "V14": 0.032540616610977006,
        "V15": 0.42136080215278104,
        "V16": 0.08962041437068846,
        "V17": -0.14899857976164588,
        "V18": 0.04212203209293196,
        "V19": 0.06899012108248498,
        "V20": 0.09679299930044362,
        "V21": -0.09129628319106689,
        "V22": -0.1975813489221256,
        "V23": 0.008698040549180408,
        "V24": 0.8573341078311278,
        "V25": 0.12589248224266705,
        "V26": -0.028561729637912415,
        "V27": 0.0031808550227098407,
        "V28": -0.0014998003062092102,
        "Amount": 59.376817215727954
    },
    "persona_6": {
        "V1": 0.15880191086111636,
        "V2": 0.1876950878651984,
        "V3": -0.08243722832122446,
        "V4": 0.07856951245045674,
        "V5": 0.1780706117072667,
        "V6": -0.09676638262231316,
        "V7": 0.13765276777096924,
        "V8": 0.09183268578519593,
        "V9": 0.1819974646009651,
        "V10": -0.1103573626459933,
        "V11": 0.7628583580917261,
        "V12": 0.6064794830483238,
        "V13": -0.4183438133031236,
        "V14": 0.040726479553885565,
        "V15": -0.31871304905120285,
        "V16": 0.24710124239524323,
        "V17": -0.3200506302703879,
        "V18": 0.18738028857447325,
        "V19": -0.007249834888327884,
        "V20": -0.02265726375866971,
        "V21": -0.027954839020854456,
        "V22": -0.018216600987376746,
        "V23": -0.003416998351373273,
        "V24": -0.17864385209622294,
        "V25": 0.01426450634800027,
        "V26": 0.053552895147222224,
        "V27": -0.005514006370229827,
        "V28": -0.004804135885208189,
        "Amount": 61.008017157786995
    },
    "persona_7": {
        "V1": 0.10100945460017972,
        "V2": 0.26375302592277766,
        "V3": 0.4850700734466823,
        "V4": 0.39437816946598975,
        "V5": 0.06859541866027158,
        "V6": -0.1581950810377297,
        "V7": -0.02465359729136853,
        "V8": -0.09386525010461012,
        "V9": 1.4889111550435437,
        "V10": -0.3468233193454051,
        "V11": 0.887772523284531,
        "V12": -2.240327622099711,
        "V13": 1.510388647701275,
        "V14": 1.2893541779514839,