{
    "persona_0": {
        "V1": -3.122672305247276,
        "V2": 2.1383340277031313,
        "V3": -0.472886871416391,
        "V4": -0.383194452286228,
        "V5": -0.2712522699401119,
        "V6": 1.5520489832246451,
        "V7": -1.9760951964421603,
        "V8": -6.129961515047955,
        "V9": 0.4974295881495257,
        "V10": 0.5227562664961237,
        "V11": -0.15755504083487715,
        "V12": 0.5231861687614259,
        "V13": 0.009425508015424187,
        "V14": 0.19463009837906817,
        "V15": -0.12392217242410647,
        "V16": 0.05286991636792078,
        "V17": 0.4508544369877669,
        "V18": 0.15314886090223595,
        "V19": 0.009531798505243456,
        "V20": -1.3878042008173657,
        "V21": 4.944831534995737,
        "V22": -1.6753703627692462,
        "V23": 0.4326423522041857,
        "V24": -0.04978477006910321,
        "V25": 0.12878584576555782,
        "V26": 0.053763528341355164,
        "V27": 0.2692384249949046,
        "V28": 0.00519878802608606,
        "Amount": 84.22317596566523,
        "Hour": 13.16362660944206
    },
    "persona_1": {
        "V1": 0.21027683045324164,
        "V2": 0.7266202225049004,
        "V3": -1.2547325080972753,
        "V4": 0.18121219634656222,
        "V5": 0.8419917214113941,
        "V6": -0.39214212943098287,
        "V7": 0.39329825383518485,
        "V8": -0.007242674879957236,
        "V9": 0.06963668592075004,
        "V10": -0.7039537833018887,
        "V11": 0.21334566424948156,
        "V12": 0.08084919485371314,
        "V13": -0.19203398403729835,
        "V14": -1.2215888433222575,
        "V15": 0.039128738891091204,
        "V16": 0.4038515009891836,
        "V17": 0.8526003771893985,
        "V18": 0.5260046434934325,
        "V19": -0.17998094808093132,
        "V20": -0.019529129031092246,
        "V21": -0.08430303049728718,
        "V22": -0.09408607328307024,
        "V23": 0.002823723942188878,
        "V24": 0.029209110337250658,
        "V25": -0.040947904689160194,
        "V26": 0.023121126737152404,
        "V27": -0.026570790759998294,
        "V28": -0.0011577037517405055,
        "Amount": 40.03092439895113,
        "Hour": 15.05582409250308
    },
    "persona_2": {
        "V1": 0.46283668849866616,
        "V2": -1.082742716239615,
        "V3": 0.10083481385570364,
        "V4": -1.2236137247222654,
        "V5": -0.7723127122944676,
        "V6": 0.0420626061361797,
        "V7": -0.6046726424129344,
        "V8": 0.03490725869755407,
        "V9": -1.1219983546286358,
        "V10": 0.8553735523113183,
        "V11": -0.22094648818318943,
        "V12": -0.2076856910001734,
        "V13": 0.2172970104524686,
        "V14": -0.15447335817780097,
        "V15": -0.10276002852922805,
        "V16": -0.9809546894656821,
        "V17": 0.12843785108765884,
        "V18": 0.79513346371882,
        "V19": -0.44290328582586735,
        "V20": -0.2545101995441527,
        "V21": -0.19947547408460256,
        "V22": -0.23921394318576125,
        "V23": 0.04020436567437943,
        "V24": -0.015837409041849455,
        "V25": -0.017221587620465287,
        "V26": -0.0029869984261062773,
        "V27": 0.004731964924943703,
        "V28": -0.0020620256659092573,
        "Amount": 118.03888645150677,
        "Hour": 15.013244125147386
    },
    "persona_3": {
        "V1": -3.175877694243484,
        "V2": -5.5070647675497995,
        "V3": -2.3491268284139823,
        "V4": 1.0702272033053908,
        "V5": -2.9655107061072417,
        "V6": 1.5279458776515913,
        "V7": 3.2700234065222564,
        "V8": -0.7357591626676067,
        "V9": -0.27200425355633995,
        "V10": -0.7324314600595904,
        "V11": 0.03819546056108335,
        "V12": -0.005845596873272105,
        "V13": 0.040243117023842874,
        "V14": 0.33223309684478547,
        "V15": 0.06339360834083771,
        "V16": 0.13867028751875118,
        "V17": 0.04413962153806154,
        "V18": 0.09222686925974177,
        "V19": -0.3050756394116555,
        "V20": 1.9371438156393614,
        "V21": 0.5174518908769935,
        "V22": -0.40325345515253275,
        "V23": -0.5356986962062514,
        "V24": 0.057923370436751255,
        "V25": -0.18379280512037907,
        "V26": 0.008800001484280954,
        "V27": -0.01632009225165378,
        "V28": 0.06867620098473703,
        "Amount": 1647.2192440543602,
        "Hour": 14.13335220838052
    },
    "persona_4": {
        "V1": 0.6258009736805702,
        "V2": -0.0454311795677384,
        "V3": 0.10812569996812417,
        "V4": 0.806611613998232,
        "V5": 0.16389850225231106,
        "V6": 0.16443768266073594,
        "V7": 0.04651320732129748,
        "V8": 0.03560265627426349,
        "V9": 0.2857181722776296,
        "V10": -0.0685265530195688,
        "V11": -0.208004090360548,
        "V12": 0.4252854043170654,
        "V13": -0.21840151195394614,
        "V14": 0.16154287180069732,
        "V15": -0.0815157815991807,
        "V16": 0.021127564526923263,
        "V17": -0.47036356003766794,
        "V18": -0.05548150563392302,
        "V19": -0.34106112322193055,
        "V20": -0.08781913761204822,
        "V21": 0.06399764545643291,
        "V22": 0.20064267936997754,
        "V23": -0.04894447364178874,
        "V24": 0.016673370523167644,
        "V25": 0.2380858303891877,
        "V26": -0.372269160397561,
        "V27": -0.02078687256113155,
        "V28": -0.013129132429358687,
        "Amount": 69.98533781316193,
        "Hour": 14.693137827770068
    },
    "persona_5": {
        "V1": -1.3377894287693015,
        "V2": 0.837783194248703,
        "V3": 0.5394734794971854,
        "V4": 1.0833502425413248,
        "V5": 0.1989772507608692,
        "V6": 0.3207402708210376,
        "V7": 0.05364196909648459,
        "V8": 0.18378001840010028,
        "V9": -0.35743190914993006,
        "V10": 0.21408097348886695,
        "V11": -0.2504658315935073,
        "V12": 0.25161803119038395,
        "V13": -0.07183281429487418,
        "V14": 0.3139438473790915,
        "V15": 0.4485523597093995,
        "V16": -0.43991017986608905,
        "V17": 0.1929499757501893,
        "V18": 0.08315104428160722,
        "V19": 0.8956426848078236,
        "V20": 0.11165245188262124,
        "V21": 0.016455734100340652,
        "V22": 0.3489814481318536,
        "V23": 0.002810738675504824,
        "V24": 0.014521922287283643,
        "V25": -0.2253968564033924,
        "V26": -0.09756271736952146,
        "V27": 0.018574971801988013,
        "V28": 0.013390812689163747,
        "Amount": 58.821048323442575,
        "Hour": 15.025316455696203
    },
    "persona_6": {
        "V1": -0.07990884901824712,
        "V2": 0.26050798639276884,
        "V3": 0.17949754828168962,
        "V4": -0.3235592295381975,
        "V5": 0.06608695632403379,
        "V6": -0.21514574623983007,
        "V7": 0.1679391755673514,
        "V8": 0.07055639437286038,
        "V9": 0.29031672192504954,
        "V10": -0.1546272985355783,
        "V11": 0.007381854072163262,
        "V12": 0.3906667994378176,
        "V13": -0.18687270684629975,
        "V14": 0.12221849016267401,
        "V15": 0.10706895778071632,
        "V16": 0.13604364597477936,
        "V17": -0.34568398745433365,
        "V18": -0.28550407053123633,
        "V19": -0.017725595770671565,
        "V20": 0.034873349120336544,
        "V21": -0.10517430129067429,
        "V22": -0.2340046657277968,
        "V23": 0.04062994987781327,
        "V24": -0.015481613498553752,
        "V25": -0.06894931445410575,
        "V26": 0.360616658422323,
        "V27": 0.008498543095679992,
        "V28": 0.0014154787520840833,
        "Amount": 55.37724457806558,
        "Hour": 14.983836982218111
    },
    "persona_7": {
        "V1": 0.4560169948143254,
        "V2": -0.8507922039118623,
        "V3": 0.05820909468869531,
        "V4": -1.1731918613487038,
        "V5": -0.4408161941958387,
        "V6": -0.06385293760472813,
        "V7": -0.48764511078493333,